<?xml version="1.0" encoding="UTF-8"?>
<GenRun Id="impl_1" LaunchPart="xc7vx485tffg1157-1" LaunchTime="1760471048">
  <File Type="REPORTS-TCL" Name="universal_shift_reports.tcl"/>
  <File Type="ROUTE-PWR-SUM" Name="universal_shift_power_summary_routed.pb"/>
  <File Type="BITSTR-MMI" Name="universal_shift.mmi"/>
  <File Type="OPT-DRC" Name="universal_shift_drc_opted.rpt"/>
  <File Type="BG-DRC" Name="universal_shift.drc"/>
  <File Type="ROUTE-STATUS-PB" Name="universal_shift_route_status.pb"/>
  <File Type="BG-BGN" Name="universal_shift.bgn"/>
  <File Type="PLACE-UTIL" Name="universal_shift_utilization_placed.rpt"/>
  <File Type="PLACE-UTIL-PB" Name="universal_shift_utilization_placed.pb"/>
  <File Type="PLACE-IO" Name="universal_shift_io_placed.rpt"/>
  <File Type="BG-BIN" Name="universal_shift.bin"/>
  <File Type="PLACE-CTRL" Name="universal_shift_control_sets_placed.rpt"/>
  <File Type="ROUTE-PWR-RPX" Name="universal_shift_power_routed.rpx"/>
  <File Type="BITSTR-MSK" Name="universal_shift.msk"/>
  <File Type="BITSTR-RBT" Name="universal_shift.rbt"/>
  <File Type="ROUTE-TIMINGSUMMARY" Name="universal_shift_timing_summary_routed.rpt"/>
  <File Type="ROUTE-TIMING-RPX" Name="universal_shift_timing_summary_routed.rpx"/>
  <File Type="ROUTE-STATUS" Name="universal_shift_route_status.rpt"/>
  <File Type="PA-TCL" Name="universal_shift.tcl"/>
  <File Type="ROUTE-PWR" Name="universal_shift_power_routed.rpt"/>
  <File Type="ROUTE-DRC" Name="universal_shift_drc_routed.rpt"/>
  <File Type="ROUTE-DRC-RPX" Name="universal_shift_drc_routed.rpx"/>
  <File Type="ROUTE-DRC-PB" Name="universal_shift_drc_routed.pb"/>
  <File Type="BITSTR-SYSDEF" Name="universal_shift.sysdef"/>
  <File Type="ROUTE-METHODOLOGY-DRC" Name="universal_shift_methodology_drc_routed.rpt"/>
  <File Type="ROUTE-METHODOLOGY-DRC-RPX" Name="universal_shift_methodology_drc_routed.rpx"/>
  <File Type="BITSTR-LTX" Name="debug_nets.ltx"/>
  <File Type="BITSTR-LTX" Name="universal_shift.ltx"/>
  <File Type="ROUTE-METHODOLOGY-DRC-PB" Name="universal_shift_methodology_drc_routed.pb"/>
  <File Type="ROUTE-SIMILARITY" Name="universal_shift_incremental_reuse_routed.rpt"/>
  <File Type="RDI-RDI" Name="universal_shift.vdi"/>
  <File Type="ROUTE-CLK" Name="universal_shift_clock_utilization_routed.rpt"/>
  <File Type="ROUTE-BUS-SKEW" Name="universal_shift_bus_skew_routed.rpt"/>
  <File Type="ROUTE-BUS-SKEW-RPX" Name="universal_shift_bus_skew_routed.rpx"/>
  <File Type="ROUTE-BUS-SKEW-PB" Name="universal_shift_bus_skew_routed.pb"/>
  <File Type="POSTROUTE-PHYSOPT-TIMING" Name="universal_shift_timing_summary_postroute_physopted.rpt"/>
  <File Type="POSTROUTE-PHYSOPT-TIMING-RPX" Name="universal_shift_timing_summary_postroute_physopted.rpx"/>
  <File Type="POSTROUTE-PHYSOPT-TIMING-PB" Name="universal_shift_timing_summary_postroute_physopted.pb"/>
  <File Type="POSTROUTE-PHYSOPT-BUS-SKEW" Name="universal_shift_bus_skew_postroute_physopted.rpt"/>
  <File Type="POSTROUTE-PHYSOPT-BUS-SKEW-RPX" Name="universal_shift_bus_skew_postroute_physopted.rpx"/>
  <File Type="BG-BIT" Name="universal_shift.bit"/>
  <File Type="POSTROUTE-PHYSOPT-BUS-SKEW-PB" Name="universal_shift_bus_skew_postroute_physopted.pb"/>
  <File Type="BITSTR-NKY" Name="universal_shift.nky"/>
  <File Type="BITSTR-BMM" Name="universal_shift_bd.bmm"/>
  <File Type="WBT-USG" Name="usage_statistics_webtalk.html"/>
  <File Type="OPT-HWDEF" Name="universal_shift.hwdef"/>
  <File Type="PLACE-PRE-SIMILARITY" Name="universal_shift_incremental_reuse_pre_placed.rpt"/>
  <File Type="ROUTE-DCP" Name="universal_shift_routed.dcp"/>
  <File Type="ROUTE-ERROR-DCP" Name="universal_shift_routed_error.dcp"/>
  <File Type="ROUTE-BLACKBOX-DCP" Name="universal_shift_routed_bb.dcp"/>
  <File Type="ROUTE-TIMING-PB" Name="universal_shift_timing_summary_routed.pb"/>
  <File Type="OPT-DCP" Name="universal_shift_opt.dcp"/>
  <File Type="PLACE-DCP" Name="universal_shift_placed.dcp"/>
  <File Type="PWROPT-DCP" Name="universal_shift_pwropt.dcp"/>
  <File Type="POSTPLACE-PWROPT-DCP" Name="universal_shift_postplace_pwropt.dcp"/>
  <File Type="PHYSOPT-DCP" Name="universal_shift_physopt.dcp"/>
  <File Type="POSTROUTE-PHYSOPT-DCP" Name="universal_shift_postroute_physopt.dcp"/>
  <File Type="POSTROUTE-PHYSOPT-BLACKBOX-DCP" Name="universal_shift_postroute_physopt_bb.dcp"/>
  <File Type="PDI-FILE" Name="universal_shift.pdi"/>
  <File Type="BOOT-PDI-FILE" Name="universal_shift_boot.pdi"/>
  <File Type="PL-PDI-FILE" Name="universal_shift_pld.pdi"/>
  <File Type="RCFI_FILE" Name="universal_shift.rcfi"/>
  <File Type="CFI_FILE" Name="universal_shift.cfi"/>
  <File Type="RNPI_FILE" Name="universal_shift.rnpi"/>
  <File Type="NPI_FILE" Name="universal_shift.npi"/>
  <File Type="RBD_FILE" Name="universal_shift.rbd"/>
  <File Type="ROUTE-RQS" Name="universal_shift_routed.rqs"/>
  <File Type="POSTROUTE-PHYSOPT-RQS" Name="universal_shift_postroute_physopted.rqs"/>
  <File Type="ROUTE-RQS-RPT" Name="route_report_qor_suggestions_0.rpt"/>
  <File Type="POSTROUTE-PHYSOPT-RQS-RPT" Name="postroute_physopt_report_qor_suggestions_0.rpt"/>
  <File Type="MMI-FILE" Name="universal_shift.mmi"/>
  <File Type="BIF-FILE" Name="universal_shift.bif"/>
  <File Type="BOOT-BIF-FILE" Name="universal_shift_boot.bif"/>
  <File Type="PL-BIF-FILE" Name="universal_shift_pld.bif"/>
  <File Type="LTX-FILE" Name="universal_shift.ltx"/>
  <File Type="BOOT-LTX-FILE" Name="universal_shift_boot.ltx"/>
  <File Type="PL-LTX-FILE" Name="universal_shift_pld.ltx"/>
  <File Type="RCDO-FILE" Name="universal_shift.rcdo"/>
  <File Type="MARKER-RCDO-FILE" Name="universal_shift_markers.rcdo"/>
  <File Type="PL-RCDO-FILE" Name="universal_shift_pld.rcdo"/>
  <File Type="MARKER-RNPI-FILE" Name="universal_shift_markers.rnpi"/>
  <File Type="BOOT_RNPI_FILE" Name="universal_shift_boot.rnpi"/>
  <File Type="PL_RNPI_FILE" Name="universal_shift_pld.rnpi"/>
  <File Type="BOOT_MARKER_RNPI_FILE" Name="universal_shift_boot_markers.rnpi"/>
  <File Type="PL_MARKER_RNPI_FILE" Name="universal_shift_pld_markers.rnpi"/>
  <File Type="PL_MASK_RNPI_FILE" Name="universal_shift_pld_mask.rnpi"/>
  <File Type="PL_SHUTDOWN_RNPI_FILE" Name="universal_shift_pld_shutdown.rnpi"/>
  <File Type="PL_UNMASK_RNPI_FILE" Name="universal_shift_pld_unmask.rnpi"/>
  <File Type="PL-CLEAR-RCDO-FILE" Name="universal_shift_pld_clear.rcdo"/>
  <File Type="PL_MARKER_RCDO_FILE" Name="universal_shift_pld_markers.rcdo"/>
  <File Type="PL_MASK_RCDO_FILE" Name="universal_shift_pld_mask.rcdo"/>
  <File Type="PL_UNMASK_MARKER_RCDO_FILE" Name="universal_shift_pld_unmask_markers.rcdo"/>
  <File Type="PL_UNMASK_RCDO_FILE" Name="universal_shift_pld_unmask.rcdo"/>
  <FileSet Name="sources" Type="DesignSrcs" RelSrcDir="$PSRCDIR/sources_1" RelGenDir="$PGENDIR/sources_1">
    <Filter Type="Srcs"/>
    <File Path="$PSRCDIR/sources_1/new/universal_shift.vhd">
      <FileInfo>
        <Attr Name="UsedIn" Val="synthesis"/>
        <Attr Name="UsedIn" Val="simulation"/>
      </FileInfo>
    </File>
    <Config>
      <Option Name="DesignMode" Val="RTL"/>
      <Option Name="TopModule" Val="universal_shift"/>
      <Option Name="TopAutoSet" Val="TRUE"/>
    </Config>
  </FileSet>
  <FileSet Name="constrs_in" Type="Constrs" RelSrcDir="$PSRCDIR/constrs_1" RelGenDir="$PGENDIR/constrs_1">
    <Filter Type="Constrs"/>
    <Config>
      <Option Name="ConstrsType" Val="XDC"/>
    </Config>
  </FileSet>
  <FileSet Name="utils" Type="Utils" RelSrcDir="$PSRCDIR/utils_1" RelGenDir="$PGENDIR/utils_1">
    <Filter Type="Utils"/>
    <Config>
      <Option Name="TopAutoSet" Val="TRUE"/>
    </Config>
  </FileSet>
  <Strategy Version="1" Minor="2">
    <StratHandle Name="Vivado Implementation Defaults" Flow="Vivado Implementation 2025"/>
    <Step Id="init_design"/>
    <Step Id="opt_design"/>
    <Step Id="power_opt_design"/>
    <Step Id="place_design"/>
    <Step Id="post_place_power_opt_design"/>
    <Step Id="phys_opt_design"/>
    <Step Id="route_design"/>
    <Step Id="post_route_phys_opt_design"/>
    <Step Id="write_bitstream"/>
    <Step Id="write_device_image"/>
  </Strategy>
</GenRun>
